Objective,Method,Store,Date,Horizon,Pred_Customers,PR,X,J,Assisted_X,Assisted_J,Units_X,Units_J,Units_Total,Sales_X,Sales_J,HR_Cost_X,HR_Cost_J,Daily_Profit,Daily_HR_Total,IsWeekend
O1,SIMULATED_ANNEALING,Baltimore,2014-06-15,1,97,0.01,4,11,28,66,476,990,1466,504,1049,380,770,403,15,1
O1,SIMULATED_ANNEALING,Baltimore,2014-06-16,2,61,0.02,7,1,49,6,833,90,923,873,94,560,60,347,8,0
O1,SIMULATED_ANNEALING,Baltimore,2014-06-17,3,65,0.0,9,0,63,0,1071,0,1071,1146,0,720,0,426,9,0
O1,SIMULATED_ANNEALING,Baltimore,2014-06-18,4,71,0.0,10,1,70,1,1190,14,1204,1273,15,800,60,428,11,0
O1,SIMULATED_ANNEALING,Baltimore,2014-06-19,5,65,0.1,3,7,21,42,378,672,1050,364,647,240,420,351,10,0
O1,SIMULATED_ANNEALING,Baltimore,2014-06-20,6,89,0.01,10,3,70,18,1190,270,1460,1261,286,800,180,567,13,0
O1,SIMULATED_ANNEALING,Baltimore,2014-06-21,7,125,0.01,13,5,91,30,1547,450,1997,1639,477,1235,350,531,18,1
O1,SIMULATED_ANNEALING,Lancaster,2014-06-15,1,131,0.03,16,3,112,18,2016,270,2286,2092,280,1520,210,642,19,1
O1,SIMULATED_ANNEALING,Lancaster,2014-06-16,2,69,0.03,4,7,28,41,504,615,1119,523,638,320,420,421,11,0
O1,SIMULATED_ANNEALING,Lancaster,2014-06-17,3,84,0.0,7,6,49,35,833,525,1358,891,562,560,360,533,13,0
O1,SIMULATED_ANNEALING,Lancaster,2014-06-18,4,81,0.0,2,10,14,60,238,900,1138,255,963,160,600,458,12,0
O1,SIMULATED_ANNEALING,Lancaster,2014-06-19,5,90,0.06,11,1,77,6,1386,96,1482,1394,97,880,60,551,12,0
O1,SIMULATED_ANNEALING,Lancaster,2014-06-20,6,130,0.09,19,1,130,0,2470,0,2470,2405,0,1520,60,825,20,0
O1,SIMULATED_ANNEALING,Lancaster,2014-06-21,7,144,0.05,14,7,98,42,1764,672,2436,1793,683,1330,490,656,21,1
O1,SIMULATED_ANNEALING,Philadelphia,2014-06-15,1,223,0.06,4,33,28,195,476,3315,3791,479,3334,380,2310,1123,37,1
O1,SIMULATED_ANNEALING,Philadelphia,2014-06-16,2,149,0.07,8,15,56,90,952,1530,2482,947,1523,640,900,930,23,0
O1,SIMULATED_ANNEALING,Philadelphia,2014-06-17,3,157,0.06,14,10,98,59,1666,1003,2669,1676,1009,1120,600,965,24,0
O1,SIMULATED_ANNEALING,Philadelphia,2014-06-18,4,165,0.14,18,8,126,39,2394,702,3096,2203,646,1440,480,929,26,0
O1,SIMULATED_ANNEALING,Philadelphia,2014-06-19,5,175,0.0,21,5,147,28,2499,448,2947,2674,479,1680,300,1173,26,0
O1,SIMULATED_ANNEALING,Philadelphia,2014-06-20,6,232,0.08,4,34,28,204,504,3468,3972,496,3414,320,2040,1550,38,0
O1,SIMULATED_ANNEALING,Philadelphia,2014-06-21,7,314,0.06,22,23,154,138,2618,2346,4964,2633,2360,2090,1610,1293,45,1
O1,SIMULATED_ANNEALING,Richmond,2014-06-15,1,64,0.05,5,5,35,29,665,493,1158,676,501,475,350,352,10,1
O1,SIMULATED_ANNEALING,Richmond,2014-06-16,2,39,0.05,4,2,28,11,532,187,719,541,190,320,120,291,6,0
O1,SIMULATED_ANNEALING,Richmond,2014-06-17,3,41,0.09,1,6,7,34,133,612,745,130,596,80,360,286,7,0
O1,SIMULATED_ANNEALING,Richmond,2014-06-18,4,43,0.14,2,5,14,29,280,551,831,258,507,160,300,305,7,0
O1,SIMULATED_ANNEALING,Richmond,2014-06-19,5,46,0.22,4,3,28,18,616,360,976,514,300,320,180,314,7,0
O1,SIMULATED_ANNEALING,Richmond,2014-06-20,6,55,0.01,6,2,42,12,756,204,960,801,216,480,120,417,8,0
O1,SIMULATED_ANNEALING,Richmond,2014-06-21,7,81,0.01,2,11,14,66,252,1122,1374,267,1189,190,770,496,13,1
O2,HILL_CLIMBING,Baltimore,2014-06-15,1,97,0.3,0,0,0,0,0,0,0,0,0,0,0,0,0,1
O2,HILL_CLIMBING,Baltimore,2014-06-16,2,61,0.0,0,0,0,0,0,0,0,0,0,0,0,0,0,0
O2,HILL_CLIMBING,Baltimore,2014-06-17,3,65,0.3,0,0,0,0,0,0,0,0,0,0,0,0,0,0
O2,HILL_CLIMBING,Baltimore,2014-06-18,4,71,0.02,0,0,0,0,0,0,0,0,0,0,0,0,0,0
O2,HILL_CLIMBING,Baltimore,2014-06-19,5,65,0.29,0,0,0,0,0,0,0,0,0,0,0,0,0,0
O2,HILL_CLIMBING,Baltimore,2014-06-20,6,89,0.01,0,5,0,30,0,450,450,0,477,0,300,177,5,0
O2,HILL_CLIMBING,Baltimore,2014-06-21,7,125,0.01,0,0,0,0,0,0,0,0,0,0,0,0,0,1
O2,HILL_CLIMBING,Lancaster,2014-06-15,1,131,0.3,0,0,0,0,0,0,0,0,0,0,0,0,0,1
O2,HILL_CLIMBING,Lancaster,2014-06-16,2,69,0.29,0,0,0,0,0,0,0,0,0,0,0,0,0,0
O2,HILL_CLIMBING,Lancaster,2014-06-17,3,84,0.3,0,0,0,0,0,0,0,0,0,0,0,0,0,0
O2,HILL_CLIMBING,Lancaster,2014-06-18,4,81,0.3,0,0,0,0,0,0,0,0,0,0,0,0,0,0
O2,HILL_CLIMBING,Lancaster,2014-06-19,5,90,0.3,0,0,0,0,0,0,0,0,0,0,0,0,0,0
O2,HILL_CLIMBING,Lancaster,2014-06-20,6,130,0.3,0,0,0,0,0,0,0,0,0,0,0,0,0,0
O2,HILL_CLIMBING,Lancaster,2014-06-21,7,144,0.3,0,0,0,0,0,0,0,0,0,0,0,0,0,1
O2,HILL_CLIMBING,Philadelphia,2014-06-15,1,223,0.21,0,0,0,0,0,0,0,0,0,0,0,0,0,1
O2,HILL_CLIMBING,Philadelphia,2014-06-16,2,149,0.3,0,0,0,0,0,0,0,0,0,0,0,0,0,0
O2,HILL_CLIMBING,Philadelphia,2014-06-17,3,157,0.0,0,26,0,156,0,2496,2496,0,2671,0,1560,1111,26,0
O2,HILL_CLIMBING,Philadelphia,2014-06-18,4,165,0.17,0,0,0,0,0,0,0,0,0,0,0,0,0,0
O2,HILL_CLIMBING,Philadelphia,2014-06-19,5,175,0.0,0,22,0,132,0,2112,2112,0,2260,0,1320,940,22,0
O2,HILL_CLIMBING,Philadelphia,2014-06-20,6,232,0.0,6,30,42,180,714,2880,3594,764,3082,480,1800,1566,36,0
O2,HILL_CLIMBING,Philadelphia,2014-06-21,7,314,0.3,0,0,0,0,0,0,0,0,0,0,0,0,0,1
O2,HILL_CLIMBING,Richmond,2014-06-15,1,64,0.3,0,0,0,0,0,0,0,0,0,0,0,0,0,1
O2,HILL_CLIMBING,Richmond,2014-06-16,2,39,0.29,0,0,0,0,0,0,0,0,0,0,0,0,0,0
O2,HILL_CLIMBING,Richmond,2014-06-17,3,41,0.0,0,6,0,36,0,612,612,0,655,0,360,295,6,0
O2,HILL_CLIMBING,Richmond,2014-06-18,4,43,0.3,0,0,0,0,0,0,0,0,0,0,0,0,0,0
O2,HILL_CLIMBING,Richmond,2014-06-19,5,46,0.0,0,7,0,42,0,714,714,0,764,0,420,344,7,0
O2,HILL_CLIMBING,Richmond,2014-06-20,6,55,0.3,0,0,0,0,0,0,0,0,0,0,0,0,0,0
O2,HILL_CLIMBING,Richmond,2014-06-21,7,81,0.0,0,0,0,0,0,0,0,0,0,0,0,0,0,1
O3_PARETO,NSGA_II,Baltimore,2014-06-15,1,97,0.25,0,0,0,0,0,0,0,0,0,0,0,0,0,1
O3_PARETO,NSGA_II,Baltimore,2014-06-16,2,61,0.03,0,0,0,0,0,0,0,0,0,0,0,0,0,0
O3_PARETO,NSGA_II,Baltimore,2014-06-17,3,65,0.14,0,0,0,0,0,0,0,0,0,0,0,0,0,0
O3_PARETO,NSGA_II,Baltimore,2014-06-18,4,71,0.18,0,0,0,0,0,0,0,0,0,0,0,0,0,0
O3_PARETO,NSGA_II,Baltimore,2014-06-19,5,65,0.03,0,0,0,0,0,0,0,0,0,0,0,0,0,0
O3_PARETO,NSGA_II,Baltimore,2014-06-20,6,89,0.14,0,0,0,0,0,0,0,0,0,0,0,0,0,0
O3_PARETO,NSGA_II,Baltimore,2014-06-21,7,125,0.23,0,0,0,0,0,0,0,0,0,0,0,0,0,1
O3_PARETO,NSGA_II,Lancaster,2014-06-15,1,131,0.25,0,0,0,0,0,0,0,0,0,0,0,0,0,1
O3_PARETO,NSGA_II,Lancaster,2014-06-16,2,69,0.23,0,0,0,0,0,0,0,0,0,0,0,0,0,0
O3_PARETO,NSGA_II,Lancaster,2014-06-17,3,84,0.09,0,0,0,0,0,0,0,0,0,0,0,0,0,0
O3_PARETO,NSGA_II,Lancaster,2014-06-18,4,81,0.02,0,0,0,0,0,0,0,0,0,0,0,0,0,0
O3_PARETO,NSGA_II,Lancaster,2014-06-19,5,90,0.02,0,0,0,0,0,0,0,0,0,0,0,0,0,0
O3_PARETO,NSGA_II,Lancaster,2014-06-20,6,130,0.06,0,0,0,0,0,0,0,0,0,0,0,0,0,0
O3_PARETO,NSGA_II,Lancaster,2014-06-21,7,144,0.23,0,0,0,0,0,0,0,0,0,0,0,0,0,1
O3_PARETO,NSGA_II,Philadelphia,2014-06-15,1,223,0.02,0,0,0,0,0,0,0,0,0,0,0,0,0,1
O3_PARETO,NSGA_II,Philadelphia,2014-06-16,2,149,0.0,0,23,0,138,0,2208,2208,0,2363,0,1380,983,23,0
O3_PARETO,NSGA_II,Philadelphia,2014-06-17,3,157,0.0,0,23,0,138,0,2208,2208,0,2363,0,1380,983,23,0
O3_PARETO,NSGA_II,Philadelphia,2014-06-18,4,165,0.0,0,23,0,138,0,2208,2208,0,2363,0,1380,983,23,0
O3_PARETO,NSGA_II,Philadelphia,2014-06-19,5,175,0.0,0,16,0,96,0,1536,1536,0,1644,0,960,684,16,0
O3_PARETO,NSGA_II,Philadelphia,2014-06-20,6,232,0.25,0,0,0,0,0,0,0,0,0,0,0,0,0,0
O3_PARETO,NSGA_II,Philadelphia,2014-06-21,7,314,0.23,0,0,0,0,0,0,0,0,0,0,0,0,0,1
O3_PARETO,NSGA_II,Richmond,2014-06-15,1,64,0.24,0,0,0,0,0,0,0,0,0,0,0,0,0,1
O3_PARETO,NSGA_II,Richmond,2014-06-16,2,39,0.0,0,6,0,36,0,612,612,0,655,0,360,295,6,0
O3_PARETO,NSGA_II,Richmond,2014-06-17,3,41,0.01,0,6,0,36,0,612,612,0,648,0,360,288,6,0
O3_PARETO,NSGA_II,Richmond,2014-06-18,4,43,0.04,0,0,0,0,0,0,0,0,0,0,0,0,0,0
O3_PARETO,NSGA_II,Richmond,2014-06-19,5,46,0.01,0,6,0,36,0,612,612,0,648,0,360,288,6,0
O3_PARETO,NSGA_II,Richmond,2014-06-20,6,55,0.04,0,0,0,0,0,0,0,0,0,0,0,0,0,0
O3_PARETO,NSGA_II,Richmond,2014-06-21,7,81,0.04,0,0,0,0,0,0,0,0,0,0,0,0,0,1
O3_WEIGHTED,GENETIC_ALGORITHM,Baltimore,2014-06-15,1,97,0.25,0,0,0,0,0,0,0,0,0,0,0,0,0,1
O3_WEIGHTED,GENETIC_ALGORITHM,Baltimore,2014-06-16,2,61,0.23,0,0,0,0,0,0,0,0,0,0,0,0,0,0
O3_WEIGHTED,GENETIC_ALGORITHM,Baltimore,2014-06-17,3,65,0.24,0,0,0,0,0,0,0,0,0,0,0,0,0,0
O3_WEIGHTED,GENETIC_ALGORITHM,Baltimore,2014-06-18,4,71,0.29,0,0,0,0,0,0,0,0,0,0,0,0,0,0
O3_WEIGHTED,GENETIC_ALGORITHM,Baltimore,2014-06-19,5,65,0.16,0,0,0,0,0,0,0,0,0,0,0,0,0,0
O3_WEIGHTED,GENETIC_ALGORITHM,Baltimore,2014-06-20,6,89,0.0,0,0,0,0,0,0,0,0,0,0,0,0,0,0
O3_WEIGHTED,GENETIC_ALGORITHM,Baltimore,2014-06-21,7,125,0.2,0,0,0,0,0,0,0,0,0,0,0,0,0,1
O3_WEIGHTED,GENETIC_ALGORITHM,Lancaster,2014-06-15,1,131,0.29,0,0,0,0,0,0,0,0,0,0,0,0,0,1
O3_WEIGHTED,GENETIC_ALGORITHM,Lancaster,2014-06-16,2,69,0.26,0,0,0,0,0,0,0,0,0,0,0,0,0,0
O3_WEIGHTED,GENETIC_ALGORITHM,Lancaster,2014-06-17,3,84,0.13,0,0,0,0,0,0,0,0,0,0,0,0,0,0
O3_WEIGHTED,GENETIC_ALGORITHM,Lancaster,2014-06-18,4,81,0.11,0,0,0,0,0,0,0,0,0,0,0,0,0,0
O3_WEIGHTED,GENETIC_ALGORITHM,Lancaster,2014-06-19,5,90,0.05,0,0,0,0,0,0,0,0,0,0,0,0,0,0
O3_WEIGHTED,GENETIC_ALGORITHM,Lancaster,2014-06-20,6,130,0.3,0,0,0,0,0,0,0,0,0,0,0,0,0,0
O3_WEIGHTED,GENETIC_ALGORITHM,Lancaster,2014-06-21,7,144,0.03,0,0,0,0,0,0,0,0,0,0,0,0,0,1
O3_WEIGHTED,GENETIC_ALGORITHM,Philadelphia,2014-06-15,1,223,0.06,0,0,0,0,0,0,0,0,0,0,0,0,0,1
O3_WEIGHTED,GENETIC_ALGORITHM,Philadelphia,2014-06-16,2,149,0.1,0,0,0,0,0,0,0,0,0,0,0,0,0,0
O3_WEIGHTED,GENETIC_ALGORITHM,Philadelphia,2014-06-17,3,157,0.0,0,10,0,60,0,960,960,0,1027,0,600,427,10,0
O3_WEIGHTED,GENETIC_ALGORITHM,Philadelphia,2014-06-18,4,165,0.25,0,0,0,0,0,0,0,0,0,0,0,0,0,0
O3_WEIGHTED,GENETIC_ALGORITHM,Philadelphia,2014-06-19,5,175,0.0,0,29,0,174,0,2784,2784,0,2979,0,1740,1239,29,0
O3_WEIGHTED,GENETIC_ALGORITHM,Philadelphia,2014-06-20,6,232,0.0,0,38,0,228,0,3648,3648,0,3903,0,2280,1623,38,0
O3_WEIGHTED,GENETIC_ALGORITHM,Philadelphia,2014-06-21,7,314,0.27,0,0,0,0,0,0,0,0,0,0,0,0,0,1
O3_WEIGHTED,GENETIC_ALGORITHM,Richmond,2014-06-15,1,64,0.24,0,0,0,0,0,0,0,0,0,0,0,0,0,1
O3_WEIGHTED,GENETIC_ALGORITHM,Richmond,2014-06-16,2,39,0.02,0,6,0,36,0,612,612,0,642,0,360,282,6,0
O3_WEIGHTED,GENETIC_ALGORITHM,Richmond,2014-06-17,3,41,0.29,0,0,0,0,0,0,0,0,0,0,0,0,0,0
O3_WEIGHTED,GENETIC_ALGORITHM,Richmond,2014-06-18,4,43,0.01,1,5,7,30,126,510,636,133,540,80,300,293,6,0
O3_WEIGHTED,GENETIC_ALGORITHM,Richmond,2014-06-19,5,46,0.04,1,3,7,18,133,306,439,137,314,80,180,191,4,0
O3_WEIGHTED,GENETIC_ALGORITHM,Richmond,2014-06-20,6,55,0.01,0,9,0,54,0,918,918,0,972,0,540,432,9,0
O3_WEIGHTED,GENETIC_ALGORITHM,Richmond,2014-06-21,7,81,0.18,0,0,0,0,0,0,0,0,0,0,0,0,0,1
